date,gz_spr,baa_aaa,cp_treas1mo,gz_spr_oa_p,ebp,cons,invest_tot,gdp,pgdp,xmktret,treas10yr,ffr_eff,cistds,roa,termspr,ffr_r,cons_nds,cons_d,invest_res,invest_es,invest_ht,invest_nrs,invbus
1971Q1,,1.3133,0.3105,,,2802.184,265.2715,4374.016,25.1150,38.3957,5.9995,3.8852,,,-2.1290,-0.8230,2743.735,169.8476,283.9028,207.2833,2.3562,258.2015,767.0322
1971Q2,,1.1333,0.4744,,,2827.852,269.1671,4398.829,25.4510,-4.7273,6.2516,4.5742,,,-1.9305,-0.3103,2762.586,173.6997,312.5527,210.6854,2.5244,257.5332,775.2734
1971Q3,,1.1467,0.5506,,,2850.437,270.2260,4433.943,25.7050,-6.7920,6.5202,5.4639,,,-1.4434,0.5661,2775.988,178.3145,327.9510,212.0690,2.5711,256.6081,783.1417
1971Q4,,1.1133,0.6172,,,2897.849,275.9996,4446.264,25.9090,13.2190,6.0026,4.6875,,,-1.7263,-0.0415,2809.782,185.9252,340.6602,218.9300,2.7113,255.9362,782.4019
1972Q1,,1.0000,0.1959,,,2936.524,285.2985,4525.769,26.3330,22.6945,6.1079,3.5723,,,-2.6150,-0.3327,2842.621,190.1771,363.3817,226.5990,2.8567,262.6266,785.1107
1972Q2,,0.9467,0.6612,,,2992.603,290.0257,4633.101,26.4860,-3.5233,6.2148,4.3039,,,-2.3918,0.6983,2893.827,194.9529,370.5112,233.3616,2.8258,264.1004,794.5989
1972Q3,,0.9633,0.5175,,,3038.802,294.5491,4677.503,26.7280,5.0388,6.2976,4.7263,,,-2.0286,1.5807,2933.401,199.9575,371.3714,239.4674,2.8548,264.6843,804.3432
1972Q4,,0.8567,0.2797,,,3110.052,309.9240,4754.546,27.0410,21.6177,6.3217,5.1502,,,-1.3919,2.1913,2986.951,210.5427,384.6386,259.8217,2.8898,268.8983,808.0759
1973Q1,0.8896,0.7467,0.4616,0.7441,0.0209,3166.962,324.3258,4876.166,27.3940,-39.4963,6.5570,6.5090,43.2000,0.5605,-0.7717,3.4919,3017.455,223.9356,397.5725,274.1760,3.0397,277.6816,813.8449
1973Q2,0.8471,0.7867,0.8173,0.8289,-0.0316,3165.371,337.5689,4932.571,27.8510,-42.7824,6.7075,7.8087,57.6000,0.6455,-0.0131,5.0573,3022.515,221.3165,377.3463,286.6620,3.1928,286.3559,827.0789
1973Q3,0.6955,0.8800,1.1203,0.8899,-0.3143,3176.705,343.2829,4906.252,28.3830,21.7848,7.1703,10.5232,17.7400,0.6104,1.2794,7.0809,3040.342,219.3951,361.3358,288.7757,3.3483,292.8282,832.8852
1973Q4,1.0661,0.7867,1.2714,0.9647,0.0523,3167.420,346.0895,4953.050,28.8690,-57.4815,6.7737,9.9782,14.5200,0.9723,0.8265,5.9668,3042.523,214.3540,344.0699,291.1273,3.5853,290.1337,847.0864
1974Q1,0.9828,0.6467,0.5879,1.0106,-0.0035,3139.695,345.8817,4909.617,29.4650,-14.3506,7.0603,9.3258,57.2600,0.5503,0.6899,4.5590,3023.460,209.4392,318.8376,290.5744,3.6539,288.5016,853.6979
1974Q2,1.1519,0.7000,1.3760,1.0850,0.2001,3150.649,345.2233,4922.188,30.1250,-56.0559,7.7862,11.1803,76.6100,0.5456,0.4853,5.4030,3033.024,210.6093,304.9350,291.0699,3.5916,287.3127,862.9494
1974Q3,1.9156,0.8233,1.8195,1.2348,0.8057,3163.603,341.2290,4873.520,31.0630,-140.340,8.1560,12.0761,43.5500,0.5531,0.1496,5.2093,3044.669,211.8032,294.8839,291.6772,3.7128,274.8430,866.1149
1974Q4,2.0764,1.5533,1.7748,1.2339,0.8332,3117.267,331.6647,4854.340,32.0220,24.9794,7.5433,9.3113,33.3300,0.6930,-0.0837,0.9435,3041.137,191.5543,256.0821,277.6718,3.8193,271.5048,876.1564
1975Q1,1.4150,1.9400,0.8682,1.1337,0.3778,3143.431,311.2149,4795.295,32.7600,73.3804,7.3303,6.2968,13.0100,0.7999,-1.3890,-3.1026,3060.660,195.4789,240.2654,255.3110,3.8537,257.5297,872.3089
1975Q2,1.2315,1.7567,0.2127,1.0228,0.2218,3195.816,302.9838,4831.942,33.2370,50.2247,7.7889,5.4261,14.6300,0.7474,-2.2356,-4.2106,3110.342,199.1767,245.4266,251.1171,3.7167,247.8283,864.9119
1975Q3,1.1963,1.6700,0.1122,1.0187,0.2827,3241.354,305.7119,4913.328,33.8570,-59.7347,8.0296,6.1433,12.2000,0.6504,-1.4962,-2.5581,3131.471,211.5635,262.5220,255.1361,3.6612,249.2283,863.4662
1975Q4,1.0724,1.7700,0.1992,0.9280,0.0925,3275.681,308.5072,4977.511,34.4540,22.8807,7.9479,5.4032,7.4400,0.7177,-2.1353,-1.9729,3155.258,217.7393,274.0067,259.1971,3.6662,249.3971,863.3794
1976Q1,0.8614,1.7000,0.0571,0.8405,-0.0202,3341.157,314.0717,5090.663,34.8410,51.7788,7.6457,4.8130,3.3100,0.8160,-2.5872,-1.7602,3202.533,228.7073,302.0212,261.6610,3.7890,256.1191,871.3242
1976Q2,0.8935,1.3633,0.0632,0.8354,0.0290,3371.831,317.8872,5128.947,35.2080,4.1608,7.6476,5.1936,3.3100,0.8611,-2.3486,-0.9465,3234.513,229.7979,310.7084,264.1632,4.0944,255.3453,883.1089
1976Q3,0.8266,1.1567,-0.0078,0.8033,-0.0006,3407.460,324.8339,5154.072,35.6800,1.3869,7.6050,5.2839,0.0000,0.9476,-2.3136,-0.5240,3268.290,232.4510,305.6402,268.7472,4.4472,257.9377,894.0814
1976Q4,0.8834,1.0300,0.0798,0.7612,-0.0256,3451.848,331.2971,5191.499,36.2910,12.7310,7.0977,4.8653,2.4800,0.8713,-2.3164,-0.9986,3309.317,236.1345,344.5969,272.3599,4.9346,258.7432,897.6397
1977Q1,0.8686,1.0733,0.0768,0.7901,-0.0706,3491.299,344.1508,5251.762,36.9010,-30.3459,7.2305,4.6771,0.0000,0.8861,-2.4849,-1.1214,3332.904,245.0211,354.9890,290.7464,5.0645,257.8603,903.6492
1977Q2,0.8382,0.9833,0.1838,0.7831,-0.0711,3510.621,354.0648,5356.131,37.4910,12.4143,7.2938,5.1577,0.8300,1.0029,-2.3225,-0.7852,3340.858,250.7959,395.6041,295.7699,5.3957,267.5054,913.6877
1977Q3,0.7833,0.8833,0.1814,0.7929,-0.1066,3544.066,361.4277,5451.921,38.0090,-15.5716,7.2910,5.8367,0.8300,1.0956,-1.6326,-0.4359,3369.661,254.4698,394.3487,301.2168,5.6803,271.5576,931.4652
1977Q4,0.7198,0.8400,0.5755,0.8066,-0.1590,3597.541,373.4578,5450.793,38.6520,-1.1610,7.5575,6.5146,0.0000,0.9310,-1.2678,0.1388,3416.976,259.8009,389.1410,313.8753,6.0754,273.5134,940.7422
1978Q1,0.6268,0.7467,0.3693,0.8674,-0.2421,3618.541,377.0734,5469.405,39.2900,-19.7057,7.9783,6.7808,11.2000,1.0222,-1.3962,0.4973,3456.569,252.8969,391.1016,315.4770,6.5067,272.9857,951.5347
1978Q2,0.6285,0.8000,0.6214,0.8527,-0.2220,3695.895,408.8576,5684.569,40.0480,28.5932,8.2334,7.2975,13.6900,1.1104,-1.5523,1.0847,3499.140,271.7453,409.8864,338.2363,7.2115,299.6803,962.1497
1978Q3,0.5621,0.7467,0.6759,0.8557,-0.2760,3711.438,423.4823,5740.300,40.7410,27.0470,8.4162,8.1043,27.4300,1.2103,-0.8748,1.6928,3524.949,268.0991,415.5746,342.1347,7.7169,319.4454,973.3429
1978Q4,0.5683,0.7600,1.0713,0.9593,-0.3666,3741.253,437.5068,5816.222,41.5710,-36.2705,8.7267,9.5726,4.9600,0.8492,0.1419,3.1068,3553.337,270.2440,414.1176,348.4280,8.3322,332.8085,986.3199
1979Q1,0.6092,0.8633,0.3389,0.9165,-0.2351,3760.172,447.1041,5825.949,42.3340,23.1181,9.0220,10.0708,5.7900,1.0964,0.7288,3.2821,3581.910,267.0937,404.4385,359.1154,8.8596,330.9548,996.2704
1979Q2,0.6269,1.0033,0.2751,0.8944,-0.2230,3757.970,445.8658,5831.418,43.3640,6.5007,9.0171,10.1848,7.0200,1.0952,0.7402,3.6281,3593.291,261.0926,396.8828,351.5924,9.1394,335.7457,1007.488
1979Q3,0.6106,1.1033,0.8900,0.9028,-0.2166,3794.945,459.8639,5873.335,44.2600,20.7362,8.9912,10.9217,35.5400,0.9998,1.0542,3.9155,3617.995,268.3945,392.1711,355.1717,9.8997,351.3987,1011.726
1979Q4,0.7137,1.2733,1.9331,1.1201,-0.3393,3805.009,461.1187,5889.495,45.1360,-6.2823,10.3681,13.5747,10.9200,1.0692,2.0328,6.4564,3644.700,261.4953,377.3540,343.6119,10.6653,362.1589,1014.297
1980Q1,0.8441,1.3367,1.2719,1.1552,-0.1469,3798.418,466.2878,5908.467,46.1260,-39.5954,11.8387,14.9867,6.2500,1.0087,2.1842,7.5893,3646.545,257.3813,348.4794,343.3148,11.1768,367.7518,1017.639
1980Q2,1.0052,2.1533,1.6430,1.2103,-0.2089,3712.207,442.6633,5787.373,47.1560,44.9746,10.3823,12.6791,-11.6700,0.9640,-0.3716,4.2258,3612.641,229.6247,284.0113,311.2391,11.6770,359.6790,1020.490
1980Q3,0.9247,1.5900,1.1359,1.1819,0.0355,3751.999,445.9601,5776.617,48.2320,35.9874,10.8098,9.7600,-5.5600,1.0353,-1.3302,1.2641,3634.269,239.8229,288.8625,310.0018,12.3750,361.4694,1008.284
1980Q4,0.9151,1.8400,1.9857,1.1013,-0.0630,3802.034,455.2195,5883.460,49.5910,18.9441,12.3248,15.8463,-10.5900,0.9361,1.9511,6.9768,3673.691,247.1516,317.0862,315.0464,12.5651,372.1030,1004.969
1981Q1,0.9187,2.0833,1.3652,1.1703,0.1511,3822.849,462.3554,6005.717,50.8940,-6.5244,12.8330,16.4687,-30.8300,0.9331,2.2570,7.2553,3681.523,254.1903,311.4213,321.1770,13.2539,371.8778,1018.809
1981Q2,1.0609,1.7867,1.1149,1.2140,0.3718,3822.791,471.5672,5957.795,51.8020,-18.0945,13.5776,17.7266,-25.0000,0.9335,2.0802,8.7246,3702.887,244.3050,300.8665,321.2399,13.8212,385.8917,1022.389
1981Q3,1.0025,1.5567,2.0367,1.2010,0.3037,3838.304,483.0473,6030.184,52.7540,-69.2577,14.6257,17.7188,-9.1700,0.9036,1.2093,9.0667,3703.907,251.7271,277.6567,326.0066,14.5917,395.6248,1036.853
1981Q4,1.2755,2.0667,1.7515,1.2654,0.3885,3809.291,494.7779,5955.062,53.6740,17.0601,13.9312,13.6278,0.8300,1.0223,-1.6252,5.3546,3710.873,233.6158,249.2161,316.7739,15.4577,424.7289,1043.928
1982Q1,1.3647,2.0233,1.2725,1.6097,0.6552,3833.916,483.2831,5857.333,54.4300,-50.1291,14.1268,14.2642,-3.3300,0.8460,-0.7418,6.6445,3721.952,241.0566,234.8485,304.8869,16.1850,411.2215,1037.125
1982Q2,1.3167,2.2700,1.6281,1.5351,0.6189,3847.686,466.1207,5889.074,55.1050,-16.6156,13.7067,14.5373,15.8300,0.8240,-0.7092,7.6766,3735.220,241.9022,227.4400,293.0842,15.5928,397.8197,1035.767
1982Q3,1.4723,2.4967,2.2469,1.2422,0.3034,3877.166,450.4418,5866.370,55.8700,31.7995,12.9069,10.9702,5.8300,0.9312,-3.2327,4.6361,3763.520,243.8253,226.7193,285.2195,15.7270,375.8878,1037.462
1982Q4,1.4575,2.5133,0.9677,1.1570,0.4288,3947.854,441.3897,5871.001,56.4630,57.3065,10.8521,9.2989,7.5000,1.1515,-2.6802,3.1963,3817.974,254.9238,243.3187,280.0253,15.4470,367.3543,1024.251
1983Q1,1.0814,1.9992,0.3075,1.1135,0.2724,3986.569,433.0940,5944.020,56.9460,31.7346,10.7364,8.6610,0.8300,0.8194,-2.3330,2.9160,3855.124,257.4967,284.7863,270.9293,16.7704,352.3696,1012.324
1983Q2,0.8462,1.6727,0.3334,1.0250,0.0616,4065.737,438.3578,6077.619,57.3620,37.5312,10.7008,8.8288,-11.0200,1.1113,-1.9712,3.1671,3903.082,276.2600,318.5276,282.0863,18.1148,335.6437,1010.651
1983Q3,0.7822,1.1760,0.5152,0.9747,-0.1163,4137.587,458.1384,6197.468,57.9470,-14.3004,11.7215,9.4634,-1.6700,0.9660,-2.2066,4.3626,3960.182,286.8774,350.0758,299.7294,18.9462,343.4948,1009.241
1983Q4,0.7854,1.1959,0.7532,1.0260,0.0063,4203.188,487.7727,6325.574,58.3660,-12.7901,11.7190,9.4423,,0.8921,-2.5882,4.4161,4003.237,301.0448,364.8696,322.7862,21.0482,353.0555,1016.600
1984Q1,0.7664,1.4498,0.5247,1.0383,-0.0212,4239.206,503.6488,6448.264,59.0910,-25.4041,11.9388,9.7032,,0.8837,-2.4006,5.2676,4019.735,312.4317,375.0059,326.6846,21.8759,373.1266,1038.775
1984Q2,0.7229,1.4790,1.2437,1.0937,-0.0754,4299.858,528.6584,6559.594,59.6240,-21.2244,13.1763,10.6252,,0.6479,-2.9917,6.5405,4071.701,319.7148,381.9495,338.5141,23.7510,391.8575,1059.547
1984Q3,0.8003,1.7137,1.3132,1.0989,-0.0186,4333.034,546.0481,6623.343,60.1110,22.7975,12.8521,11.4203,,0.8325,-2.1143,6.9451,4107.956,319.8368,378.2840,345.4335,25.4073,404.2251,1081.269
1984Q4,0.8898,1.2439,0.8516,1.1213,-0.1001,4390.119,559.2058,6677.264,60.4660,-3.8660,11.7507,9.2744,,0.9358,-2.5917,5.3717,4149.673,330.2277,378.6714,349.5031,27.5854,408.4110,1094.864
1985Q1,0.9256,1.1364,0.6855,1.1161,0.0026,4464.554,565.7355,6740.275,61.1570,28.9181,11.6245,8.4656,,0.8377,-3.1647,4.6467,4208.284,341.7150,377.5013,346.7403,27.5842,425.7208,1099.167
1985Q2,1.1348,1.3773,0.7475,1.1747,0.0389,4505.234,573.8109,6797.344,61.4710,19.2007,10.9163,7.9584,,0.9823,-3.2014,3.9272,4244.694,345.7757,380.5158,352.5033,28.6847,425.4887,1105.438
1985Q3,1.1497,1.4447,0.9046,1.1565,0.2271,4590.817,565.0568,6903.523,61.7630,-25.8502,10.4822,7.9252,,1.0137,-3.1487,4.2739,4294.667,367.8916,385.3438,347.6511,28.4598,416.6772,1110.635
1985Q4,1.3325,1.3873,1.0428,1.0523,0.2353,4600.864,574.7764,6955.918,62.1420,49.6031,9.9532,8.1702,,0.8149,-2.5589,4.6175,4330.321,355.1887,394.5114,350.9356,29.7834,421.8656,1120.283
1986Q1,1.6753,1.4416,0.8813,0.9282,0.1932,4639.272,566.9095,7022.757,62.4570,42.7500,8.7949,7.7877,,0.9890,-1.6772,4.1225,4358.084,362.3971,411.3743,344.1614,30.4799,411.3130,1129.113
1986Q2,1.7928,1.2708,0.8687,0.9292,0.1608,4688.729,552.7238,7050.969,62.7690,15.5478,7.9190,6.9580,,1.0996,-1.6003,3.4147,4387.142,375.1640,434.2043,345.9847,31.6139,372.5532,1133.425
1986Q3,2.0035,1.3527,0.8994,0.8941,0.5679,4770.654,544.6311,7118.950,63.1650,-38.8264,7.7364,6.2233,,1.1338,-2.0550,2.5806,4414.349,407.1508,440.8922,344.2243,31.5693,359.2675,1131.063
1986Q4,1.9392,1.4134,0.9424,1.0429,0.6274,4799.411,550.2228,7153.359,63.6220,8.8975,7.6129,6.4121,,1.1920,-2.1132,2.6738,4458.209,400.7022,440.1017,345.9852,32.5290,361.4624,1128.774
1987Q1,1.8607,1.2934,0.7544,1.0274,0.5608,4792.109,535.0723,7193.019,64.1220,64.3637,7.4170,6.1556,,0.9944,-1.7186,2.2899,4496.306,376.9632,438.9393,328.6907,33.2539,353.0098,1137.922
1987Q2,1.6099,1.1937,1.4792,1.1481,0.0218,4856.256,547.8679,7269.510,64.4820,6.3879,8.4737,6.6583,,-0.7404,-2.6429,2.9551,4536.374,392.4469,440.8689,337.2249,34.5761,357.1605,1142.946
1987Q3,1.6453,1.1511,1.1425,0.9734,0.5094,4910.444,565.5028,7332.558,64.9900,16.7577,8.9588,6.8632,,1.1779,-2.7302,3.1780,4564.260,408.6868,439.5360,342.2326,36.6111,372.0361,1142.782
1987Q4,1.4029,1.1608,2.4118,1.3988,-0.2129,4922.226,564.1651,7458.022,65.4560,-127.672,9.2137,6.9108,,0.4998,-3.1585,3.1679,4598.294,397.6676,441.6904,334.6921,36.9204,379.0994,1161.970
1988Q1,1.5520,1.1984,1.3374,1.2772,-0.0254,5004.433,568.4997,7496.600,65.9820,24.1131,8.5892,6.6653,,0.8580,-2.6934,2.8684,4652.073,416.5038,432.1352,344.5219,38.2275,364.7865,1166.445
1988Q2,1.4227,1.1698,1.1476,1.2625,0.0522,5040.825,582.4646,7592.881,66.6180,17.6411,9.0371,7.1647,,0.9286,-2.6349,3.2595,4691.362,416.6576,435.5605,350.0678,40.1551,372.3597,1172.163
1988Q3,1.3593,1.1091,1.3580,1.2732,-0.0359,5080.574,585.5181,7632.082,67.4080,-6.7217,9.2116,7.9856,,1.0247,-1.9723,3.7516,4744.700,411.2367,435.8317,353.0664,41.2650,367.3297,1177.341
1988Q4,1.3882,1.0033,1.5888,1.1326,0.1683,5140.445,591.6857,7733.991,67.9520,0.8606,9.0437,8.4797,,1.2846,-1.0529,4.0894,4789.779,421.8911,439.6600,357.7770,42.2717,366.4081,1183.888
1989Q1,1.3069,0.9550,1.5068,1.0437,0.1078,5159.253,601.6872,7806.603,68.6620,17.9918,9.2795,9.4834,,0.9140,-0.4279,5.0453,4813.509,420.0116,436.7772,361.2067,43.7457,372.3140,1197.484
1989Q2,1.5618,0.8852,1.1520,0.9381,0.3488,5182.351,610.2493,7865.016,69.3460,22.6425,8.8601,9.7298,,0.8040,-0.1573,5.1785,4828.262,425.6186,423.8433,365.0532,46.4661,368.1106,1207.743
1989Q3,1.5153,0.9221,1.0889,0.7964,0.4307,5236.108,627.7530,7927.393,69.8160,28.3184,8.2062,9.0805,,0.4864,-0.0927,4.8474,4868.911,435.2474,419.2246,374.9571,47.5210,381.0129,1210.435
1989Q4,1.2645,0.9235,1.0812,0.8489,0.3458,5261.739,618.5181,7944.697,70.2560,-5.2619,8.0263,8.6497,,0.3610,-0.1197,4.8769,4920.583,422.0233,410.4134,359.6886,49.0296,378.6737,1214.508
1990Q1,1.1298,0.9035,0.6300,0.9129,0.2052,5303.333,626.7689,8027.693,71.1090,-21.6514,8.5235,8.2629,56.9000,0.6829,-0.4987,4.6308,4933.688,439.8536,414.5981,361.1863,50.0238,387.0033,1218.286
1990Q2,0.8271,0.9178,0.7329,0.9003,-0.0529,5320.834,615.9582,8059.598,71.9360,12.6137,8.7644,8.2367,39.4500,0.9072,-0.7560,4.5308,4978.397,425.3136,398.6497,350.0829,49.6878,385.1073,1227.541
1990Q3,0.7912,1.0076,0.5908,1.0179,-0.1395,5341.035,619.8868,8059.476,72.6040,-77.8195,8.7908,8.1841,48.9000,0.6785,-1.0667,4.0444,5007.693,421.0010,375.9979,358.4498,48.8995,383.6968,1233.773
1990Q4,1.1570,1.2995,1.1498,1.0807,0.1431,5299.450,608.0380,7988.864,73.2020,23.8201,8.4863,7.7792,36.0000,0.2434,-1.2695,3.3132,4983.052,409.4063,355.1750,349.6013,50.6100,366.3975,1231.074
1991Q1,1.1186,1.2751,0.8788,1.0463,0.1288,5284.360,592.3276,7950.164,73.9850,49.6749,8.1593,6.5248,15.5000,0.7836,-1.9528,2.1312,4986.171,398.1212,334.0421,336.3658,50.2930,358.5077,1226.766
1991Q2,1.0322,1.0175,0.6123,1.0485,0.0536,5324.650,586.6250,8003.822,74.5030,-6.3278,8.2840,5.8816,12.2500,0.7123,-2.5526,1.6955,5025.915,400.1179,341.9388,331.1983,51.7323,348.7395,1221.517
1991Q3,1.0841,0.8986,0.4144,1.0241,0.0726,5345.028,581.0512,8037.538,75.0670,18.3156,8.1016,5.6795,9.0000,0.7829,-2.5591,1.9696,5037.219,406.2634,356.1049,333.3106,53.6186,326.1076,1221.390
1991Q4,1.1256,0.9544,0.5643,0.9735,0.0684,5342.595,577.9667,8069.046,75.4920,26.5936,7.5403,4.8508,5.2500,0.7690,-2.8632,1.1645,5045.819,399.6334,363.9164,327.7591,55.6727,319.4876,1229.646
1992Q1,0.9819,0.9217,0.3234,0.9791,-0.0298,5434.476,575.3431,8157.616,75.9190,-8.7301,7.5283,4.0603,0.9000,0.8703,-3.5289,0.3563,5117.765,415.3238,382.4842,321.7780,57.5708,315.4671,1230.327
1992Q2,0.9281,0.8522,0.2863,0.9890,-0.0842,5466.693,598.2005,8244.294,76.3710,-3.6036,7.5486,3.8181,-1.7000,0.8356,-3.7841,0.1870,5147.350,418.2122,397.1152,338.0404,61.4278,315.4882,1236.303
1992Q3,1.0963,0.7238,0.2748,1.0286,-0.0778,5527.124,610.3746,8329.361,76.7100,8.8871,6.9217,3.3128,4.3500,0.9248,-3.7719,-0.2208,5197.069,427.1277,398.0219,338.6131,65.8223,318.2178,1241.583
1992Q4,1.1475,0.8486,0.5707,0.9850,0.0536,5594.580,628.9005,8417.016,77.1460,23.1957,6.9924,3.0626,2.6500,0.4703,-3.8560,-0.0920,5255.062,435.5971,411.5448,354.7897,66.9136,322.1152,1247.544
1993Q1,1.1976,0.6639,0.3889,0.9731,0.0247,5617.248,633.1384,8432.485,77.6200,13.7601,6.5319,3.0970,-7.8500,1.1590,-3.5110,0.1753,5272.232,439.8079,413.4202,359.4084,68.9216,313.9123,1257.613
1993Q2,1.1652,0.7352,0.2372,0.9972,-0.0151,5671.138,650.1499,8486.435,78.0420,0.5326,6.2055,3.0214,-19.4500,1.1691,-3.1738,0.4912,5306.285,454.0696,418.2869,375.7088,70.3476,313.4163,1264.321
1993Q3,1.1485,0.7309,0.2448,1.0333,-0.0717,5732.704,657.4988,8531.108,78.4090,12.1055,5.7880,3.0936,-17.7500,1.2178,-2.7232,0.6656,5363.680,459.1245,432.7242,373.9463,73.9615,314.9289,1265.894
1993Q4,1.0942,0.7100,0.2422,1.0696,-0.1414,5783.691,685.1156,8643.769,78.8160,4.6203,5.7724,2.9913,-12.9500,1.3751,-2.6456,0.7160,5399.944,470.1704,454.5158,398.5292,75.4309,320.7996,1269.793
1994Q1,0.9711,0.6846,0.3085,1.1561,-0.3468,5848.134,691.8824,8727.919,79.2500,-19.7897,6.2278,3.2500,-12.2000,0.9647,-2.9001,1.1326,5450.299,481.3713,464.1562,405.2430,79.3492,307.6933,1282.424
1994Q2,1.0001,0.6526,0.4544,1.2136,-0.3328,5891.492,705.8090,8847.303,79.6330,-7.8737,7.1910,3.9514,-6.9500,1.1533,-3.0966,1.8899,5488.077,486.5585,479.5312,403.6095,81.9474,325.2740,1305.045
1994Q3,0.9500,0.6647,0.4534,1.1969,-0.3510,5938.675,719.0096,8904.289,80.0800,16.2749,7.4165,4.5159,-17.4000,1.2222,-2.8223,2.4465,5530.005,491.7002,474.3002,410.7344,85.4044,324.8976,1319.056
1994Q4,0.9795,0.6373,0.7900,1.2377,-0.3093,5997.303,750.8453,9003.180,80.5030,-9.7369,7.8936,5.1803,-6.8500,1.2502,-2.4672,2.8985,5564.260,509.0051,468.0774,433.7113,90.2125,328.2111,1339.078
1995Q1,1.0136,0.5975,0.5873,1.2383,-0.3225,6004.292,781.5430,9025.267,80.9850,27.1215,7.5625,5.8376,-5.9000,1.1016,-1.6583,3.5130,5588.902,498.4820,457.6853,450.9700,95.5560,336.4597,1355.544
1995Q2,1.0551,0.5749,0.4605,1.1824,-0.2875,6053.528,786.9660,9044.668,81.3460,28.4121,6.6995,6.0214,-6.0500,1.1448,-0.9317,3.6107,5633.125,503.5510,442.9690,438.2032,101.9530,343.1888,1364.974
1995Q3,1.0417,0.6243,0.4195,1.1391,-0.2704,6107.635,792.2460,9120.684,81.6910,27.1945,6.4526,5.8116,-3.4500,1.3580,-0.9219,3.4496,5667.765,517.7660,456.6701,435.6180,105.1110,345.6862,1367.027
1995Q4,1.1644,0.6546,0.5165,1.1083,-0.1201,6150.578,808.1850,9184.275,82.1100,12.4920,6.0012,5.7521,6.9500,1.4757,-0.5822,3.5712,5699.038,526.7590,467.0235,440.4906,112.2330,342.7737,1371.150
1996Q1,1.1098,0.6630,0.4860,1.1495,-0.2590,6206.855,828.2440,9247.188,82.5540,16.3659,6.0342,5.3984,-0.9000,1.2833,-0.9655,3.2404,5749.741,532.4790,479.3064,444.6204,119.1690,348.8872,1371.941
1996Q2,0.9947,0.6859,0.4641,1.1486,-0.3065,6277.064,852.0520,9407.052,82.8590,11.9047,6.8252,5.2803,-3.7000,1.3413,-1.6757,3.2774,5797.624,549.4190,499.5481,453.3941,125.4510,356.5308,1378.634
1996Q3,0.9785,0.7034,0.4170,1.2420,-0.4145,6314.643,880.4120,9488.879,83.2690,6.0211,6.8280,5.3373,-7.8000,1.2569,-1.5928,3.4742,5831.375,553.3090,498.1687,468.2159,132.3540,360.9242,1394.138
1996Q4,1.0214,0.6829,0.5214,1.2353,-0.3953,6366.068,904.2170,9592.458,83.6500,20.3914,6.4202,5.3195,-5.4500,1.3433,-1.3154,3.4549,5869.141,564.1150,493.0230,470.5889,138.1830,379.2893,1383.386
1997Q1,0.9686,0.6467,0.3572,1.2668,-0.4532,6430.182,927.2940,9666.235,84.0750,-3.0761,6.6294,5.2887,-6.9500,1.3620,-1.4323,3.3343,5913.655,579.3990,494.6892,472.3566,149.4830,382.6274,1394.183
1997Q2,0.9383,0.6127,0.6961,1.2645,-0.4636,6456.248,950.3130,9809.551,84.4500,52.1419,6.7884,5.5556,-5.7000,1.1715,-1.6057,3.5493,5943.888,577.5290,500.9508,480.1052,160.2250,379.2365,1420.155
1997Q3,0.9660,0.5892,0.5939,1.2930,-0.5450,6566.010,998.7620,9932.672,84.6860,30.6906,6.3630,5.5677,-7.0000,1.5183,-1.1783,3.4759,6021.139,603.2800,503.2446,498.1329,174.0040,393.5424,1439.012
1997Q4,1.1092,0.5615,0.7616,1.3316,-0.4452,6641.141,1006.786,10008.87,85.0070,-0.1635,6.0279,5.5452,1.8000,1.2937,-0.8033,3.6905,6077.440,618.6740,508.4135,492.6666,181.1650,396.2474,1460.756
1998Q1,1.1778,0.5895,0.4861,1.3161,-0.3780,6707.194,1041.609,10103.43,85.1340,42.1119,5.7364,5.5198,-7.1000,1.2114,-0.5513,3.8758,6139.059,623.8580,517.4727,511.7069,194.0790,391.9700,1490.057
1998Q2,1.0786,0.6130,0.6961,1.3148,-0.4388,6822.555,1079.733,10194.28,85.3440,1.4041,5.7592,5.5117,0.0000,1.1731,-0.6537,4.0087,6214.183,655.6680,533.0259,520.7432,204.2540,413.0823,1500.867
1998Q3,1.6600,0.6338,0.8516,1.4956,-0.1954,6913.080,1096.002,10328.79,85.6630,-62.0587,5.3686,5.5569,36.4000,1.0469,-0.4166,4.2253,6282.074,674.5970,549.0286,526.0609,211.8140,413.2441,1516.011
1998Q4,1.8667,0.9161,1.2753,1.5014,-0.0500,7019.060,1132.173,10507.58,85.8880,66.3025,4.9458,4.8806,7.4000,1.1306,-0.5874,3.4200,6336.664,714.6400,562.1795,540.0551,227.9230,412.5863,1532.381
1999Q1,1.5718,0.9798,0.4138,1.5489,-0.2723,7088.328,1158.424,10601.18,86.2520,9.6768,5.3539,4.7662,10.0000,1.1487,-0.8319,3.3064,6406.650,716.4070,565.5196,544.1880,244.4400,410.8874,1554.740
1999Q2,1.5101,0.8047,0.6052,1.5451,-0.2762,7199.865,1190.904,10684.05,86.6150,25.0482,5.8305,4.7570,5.4000,1.2412,-1.2569,3.2493,6475.927,750.8610,571.6029,550.9516,265.6250,405.9065,1565.006
1999Q3,1.8267,0.7737,0.7901,1.6789,-0.1161,7286.395,1225.136,10819.91,86.9190,-31.2769,6.2196,5.1225,9.1000,1.2551,-1.4358,3.6348,6541.389,769.1450,576.3534,567.0441,279.3850,405.5935,1576.144
1999Q4,1.8012,0.7492,0.9069,1.6946,-0.1689,7389.184,1228.977,11014.25,87.2750,60.0056,6.4748,5.3051,10.9000,1.1908,-1.2785,3.8654,6635.582,778.7100,583.4054,563.8816,281.9110,410.4406,1600.914
2000Q1,2.0045,0.6192,0.5565,1.8105,-0.0700,7501.254,1274.682,11043.04,87.9390,11.3046,6.6704,5.7319,24.6000,1.3182,-0.9812,4.2598,6694.448,822.5140,587.9699,574.7492,303.8190,418.3657,1605.599
2000Q2,2.5911,0.8316,1.0365,1.8852,0.3993,7571.777,1321.702,11258.45,88.3860,-26.5999,6.4288,6.2855,33.9000,1.1859,-0.5520,4.5880,6786.740,807.7110,583.9634,586.0218,321.3060,435.7142,1630.851
2000Q3,2.9022,0.7105,0.5373,1.8908,0.6690,7645.877,1336.310,11267.87,88.9080,-4.7270,6.1154,6.5114,43.8000,1.1681,0.0803,4.8539,6845.325,821.6780,573.7108,582.4832,325.8000,452.1200,1646.620
2000Q4,3.6057,0.8097,0.5877,1.7709,1.2243,7713.539,1341.479,11334.54,89.3590,-53.9961,5.7717,6.4997,59.7000,1.1581,0.4233,4.7710,6907.189,827.7200,574.2068,572.0873,336.4860,453.9878,1661.147
2001Q1,3.2013,0.8074,0.4815,1.8162,0.8813,7744.296,1328.716,11297.17,89.9770,-64.5535,5.3007,5.6118,50.9000,1.0220,-0.3662,3.8048,6920.750,841.7510,576.8338,569.9386,335.8780,441.4724,1652.438
2001Q2,3.0325,0.8144,0.6276,1.7303,0.7762,7773.540,1293.824,11371.25,90.6030,24.6653,5.5031,4.3308,40.4000,0.8902,-1.7630,2.5315,6951.089,841.3320,584.9476,552.3881,321.0330,443.0482,1649.772
2001Q3,3.0024,0.8380,0.1714,1.7333,0.6945,7807.721,1272.481,11340.08,90.8910,-80.3897,5.2570,3.4879,50.9000,0.8028,-1.9740,1.6120,6973.666,851.5180,588.1094,541.2159,311.0950,445.5492,1642.063
2001Q4,3.0040,0.9920,0.0968,1.9637,0.2177,7929.993,1232.171,11380.13,91.1440,43.7749,5.0602,2.1534,45.4000,0.6374,-3.1105,0.4594,7012.137,923.0520,583.1109,540.5041,306.4910,403.2473,1619.377
2002Q1,2.7704,1.3325,0.0125,1.7628,0.4939,7957.326,1203.368,11477.87,91.4690,0.4878,5.3883,1.7408,25.0000,0.8355,-3.6348,0.0227,7053.217,912.4810,598.6797,532.9750,303.3150,381.3506,1615.614
2002Q2,2.7752,1.3089,0.0216,1.7482,0.5459,7997.762,1183.877,11538.77,91.8730,-59.4231,5.3550,1.7566,21.4000,0.9175,-3.6087,0.3006,7083.376,922.0770,613.3650,528.3206,304.8020,360.7097,1618.967
2002Q3,3.8780,1.2752,0.0356,1.8856,1.1882,8051.982,1177.788,11596.43,92.2820,-82.0239,4.5451,1.7481,20.0000,0.9849,-2.8707,0.0872,7106.961,949.0750,616.9375,528.7960,310.2720,344.6978,1623.923
2002Q4,3.7661,1.3208,0.0987,1.9953,0.7756,8080.550,1155.611,11598.82,92.8280,28.2878,4.2940,1.4555,22.0000,0.8523,-2.9280,-0.4959,7150.436,936.5630,626.3609,521.7589,300.8140,339.6290,1632.145
2003Q1,3.2375,1.1146,0.0549,2.3081,0.2074,8122.288,1150.414,11645.82,93.5010,-12.9031,4.1595,1.2552,8.9000,1.0372,-2.9847,-0.5412,7191.467,937.4630,632.4132,510.1627,308.5990,336.2452,1640.030
2003Q2,2.5516,1.1644,0.0954,2.4810,-0.5843,8197.799,1181.366,11738.71,93.7800,57.3660,3.8045,1.2538,3.5000,1.1617,-2.7455,-0.4411,7226.807,974.1110,646.8118,529.9026,310.9510,346.2983,1639.157
2003Q3,2.2864,1.1103,0.1017,2.3850,-0.7881,8312.136,1208.262,11935.46,94.3040,14.1100,4.4038,1.0150,0.0000,1.2809,-3.4555,-0.4735,7299.407,1013.204,679.8014,535.6192,330.2130,345.5526,1639.898
2003Q4,1.8817,1.0069,0.1100,1.9330,-0.5158,8358.011,1223.973,12042.82,94.8130,44.2382,4.4354,0.9995,-17.9000,1.1958,-3.5003,-0.4074,7338.718,1019.750,698.2375,535.0240,346.2360,343.9451,1649.485
2004Q1,1.7769,0.8192,0.0821,1.7983,-0.4863,8437.640,1214.265,12127.62,95.6240,9.8711,4.1433,1.0032,-23.2000,1.1254,-3.2083,-0.4632,7407.213,1031.036,704.4603,527.5923,346.0670,341.9401,1662.579
2004Q2,1.7347,0.7360,0.0905,1.7692,-0.4337,8483.216,1247.018,12213.82,96.4410,3.2229,4.7500,1.0133,-20.0000,1.1275,-3.6518,-0.8113,7445.643,1038.271,730.9636,548.7913,353.3980,345.9043,1682.244
2004Q3,1.6914,0.8081,0.1072,1.7696,-0.4291,8555.838,1281.235,12303.53,97.1460,-7.6929,4.4459,1.4394,-21.1000,1.1890,-2.9309,-0.6553,7497.401,1058.712,738.4031,572.2812,360.3100,349.3797,1697.917
2004Q4,1.5540,0.7023,0.1636,1.9040,-0.6960,8654.230,1309.553,12410.28,97.8640,35.8393,4.3016,1.9571,-23.6000,1.4354,-2.2535,-0.2000,7578.353,1076.082,744.1997,592.8340,367.2020,349.6927,1715.811
2005Q1,1.5919,0.6461,0.1420,2.1023,-0.8923,8718.987,1321.537,12534.11,98.7740,-11.2966,4.3917,2.4805,-24.1000,1.3080,-1.7945,0.2763,7635.975,1083.293,757.6916,595.2785,370.4490,355.9575,1738.668
2005Q2,1.9970,0.8258,0.2659,2.0145,-0.5284,8802.947,1340.802,12587.54,99.4450,6.2841,4.2358,2.9427,-16.7000,0.9967,-1.3096,0.6264,7689.397,1113.592,775.3295,609.9652,376.0790,354.6102,1742.554
2005Q3,1.6838,0.8878,0.2348,1.9179,-0.6641,8865.580,1359.711,12683.15,100.4700,14.9595,4.2894,3.4623,-8.8000,1.0185,-0.8489,1.2571,7738.963,1126.681,783.2650,627.3782,385.0360,347.1671,1745.506
2005Q4,1.8593,0.9597,0.3152,1.8809,-0.4438,8888.481,1367.251,12748.70,101.3120,4.8530,4.5957,3.9767,-10.7000,1.3735,-0.6803,1.8641,7789.687,1098.405,783.5129,629.3672,388.7300,349.2812,1765.763
2006Q1,1.7236,0.9153,0.1292,1.8706,-0.4717,8986.625,1424.916,12915.94,102.0710,17.5465,4.6695,4.4673,-12.3000,1.3639,-0.1621,2.1557,7844.731,1142.277,775.1900,651.1435,409.6220,364.7548,1782.217
2006Q2,1.6122,0.8403,0.2902,1.8145,-0.4736,9035.047,1450.307,12962.46,102.9800,-12.4396,5.1506,4.9038,-8.9000,1.2053,-0.3189,2.8135,7895.748,1139.363,740.0925,655.4722,410.8490,383.6511,1800.353
2006Q3,1.7337,0.9124,0.2680,1.8777,-0.4720,9090.711,1466.035,12965.92,103.7630,11.5601,4.9626,5.2494,0.0000,1.1992,0.0729,2.9810,7938.827,1152.103,697.3618,652.0113,420.3880,393.1590,1817.230
2006Q4,1.5775,0.8944,0.1915,1.8418,-0.5998,9181.617,1474.517,13060.68,104.2370,22.3623,4.6993,5.2456,0.0000,1.6476,0.3338,2.8215,8014.057,1167.921,660.2107,657.5586,422.0760,394.6152,1825.186
2007Q1,1.4435,0.9332,0.1137,1.8059,-0.6487,9235.175,1498.999,13089.32,105.3660,2.1310,4.7563,5.2619,-3.7000,1.1605,0.3579,2.9842,8054.615,1181.156,631.3361,648.0677,446.2250,404.7985,1829.517
2007Q2,1.4482,0.9131,0.4526,1.7397,-0.5828,9270.456,1539.104,13194.15,106.1880,19.4346,4.9199,5.2489,7.5000,1.1306,-0.0479,2.7345,8077.293,1194.470,611.3966,659.0021,446.5020,430.5504,1840.734
2007Q3,2.2350,0.8800,0.8703,1.7350,-0.0246,9310.002,1574.072,13268.46,106.7090,3.3391,4.8420,5.0903,19.2000,0.8072,-0.4071,2.8742,8106.421,1205.662,570.6187,656.2999,457.9730,454.6280,1849.758
2007Q4,2.6259,0.9721,1.0226,1.7876,0.1381,9342.251,1595.905,13363.49,106.9400,-15.3510,4.4092,4.4965,32.2000,0.3418,-0.9170,2.3078,8132.079,1212.910,523.2926,653.4322,475.2460,462.8520,1852.912
2008Q1,3.5737,1.2961,0.8380,1.7778,0.8356,9324.067,1603.661,13339.18,107.4540,-42.9037,3.8674,3.1689,55.4000,0.2134,-1.7632,0.7941,8144.900,1178.646,482.2357,650.0174,488.2020,462.7359,1850.854
2008Q2,3.2802,1.3897,0.5655,1.8995,0.6106,9326.226,1597.027,13359.05,108.2950,-5.0217,4.0908,2.0903,57.6000,-0.1501,-2.4402,-0.1895,8154.848,1169.997,464.4196,628.7784,493.5590,471.1710,1845.712
2008Q3,4.1304,1.5542,0.6796,1.9394,1.1670,9243.479,1561.530,13223.51,109.4880,-46.1139,4.0503,1.9575,83.6000,-0.8409,-2.5281,-0.5542,8105.255,1133.162,435.5683,601.2517,489.9090,466.8866,1838.864
2008Q4,7.6555,3.0184,0.7128,1.7600,1.9770,9166.282,1464.174,12993.67,109.1540,-127.283,3.7229,0.5340,64.2000,-2.8304,-3.4115,-1.9775,8088.280,1063.913,394.7129,529.5507,474.5430,456.1264,1815.284
2009Q1,6.3637,2.9472,0.0934,2.0064,2.0463,9154.133,1313.651,12832.62,109.4650,-43.7784,3.2291,0.1870,39.6000,-0.0627,-3.0173,-1.7833,8065.325,1076.587,352.7184,454.4001,465.2020,399.7262,1783.834
2009Q2,4.8548,2.4603,0.0981,2.3930,1.0369,9116.975,1288.291,12810.01,109.5550,61.6844,3.6504,0.1786,31.5000,-0.0943,-3.4801,-1.3821,8035.857,1068.226,333.9181,442.8847,480.0550,377.7803,1743.388
2009Q3,3.2679,1.3978,0.0535,2.5657,-0.2051,9161.603,1282.875,12860.80,109.7590,57.4595,3.8119,0.1546,14.0000,0.2630,-3.6521,-1.3159,8037.410,1118.302,342.4115,440.5368,493.6100,365.5111,1711.335
2009Q4,2.6856,1.1282,0.0875,2.3076,-0.4208,9182.858,1278.327,13019.01,109.6930,21.6262,3.6853,0.1187,-5.5000,0.5429,-3.6248,-1.1937,8060.900,1115.113,341.6908,446.0010,523.1630,335.2567,1702.160
2010Q1,2.2809,0.9948,0.0707,1.8539,-0.1075,9225.371,1302.552,13138.83,109.9590,22.9651,3.8656,0.1367,-7.1000,0.5892,-3.7557,-1.5348,8082.785,1138.938,330.6711,479.5885,532.1820,319.2554,1713.192
2010Q2,2.3883,1.1361,0.0706,1.7763,-0.1676,9275.656,1355.305,13194.86,110.4850,-49.7572,3.6173,0.1919,-8.8000,0.0786,-3.4690,-1.5653,8116.440,1157.837,350.0990,515.4839,551.4550,318.8615,1730.404
2010Q3,2.5012,1.1966,0.0580,1.8133,-0.1864,9330.628,1387.998,13278.52,111.0600,42.8790,2.8971,0.1884,,0.5410,-2.7423,-1.2634,8152.700,1179.258,323.3013,539.6133,564.6860,316.0439,1760.757
